max,tables_num,pat,type,ratio,ns_avg,ns_std,ns_perc25,ns_median,ns_perc75
2,1,unary::BE::NoTable,write,0.749452,2.2361996363636365,0.06417972345105999,2.19844,2.208562,2.226029
2,1,unary::BE::Table,write,0.748796,2.8713621818181823,0.03715748148036457,2.844572,2.870308,2.878296
2,1,unary::LE::NoTable,write,0.749542,2.4635009090909086,0.17642725961622505,2.287598,2.478189,2.533896
2,1,unary::LE::Table,write,0.750083,3.045004818181818,0.029077990421685573,3.024046,3.036155,3.047391
2,1,gamma::BE::NoTable,write,0.759274,5.160154818181819,0.062462410265403945,5.119388,5.144217,5.15819
2,1,gamma::BE::Table,write,0.759623,3.5606353636363637,0.029478179330727806,3.548004,3.557511,3.564529
2,1,gamma::LE::NoTable,write,0.760348,5.332225545454545,0.04344753168216467,5.32303,5.331832,5.355143
2,1,gamma::LE::Table,write,0.760572,3.9283403636363636,0.021185247906374514,3.912217,3.929221,3.93041
2,1,zeta3::BE::NoTable,write,0.255958,9.255495000000002,0.038692841694556473,9.233089,9.259579,9.278728
2,1,zeta3::BE::Table,write,0.255917,8.394661363636365,0.0442663111977329,8.352788,8.381884,8.416284
2,1,zeta3::LE::NoTable,write,0.256321,9.642198454545454,0.05181567563848537,9.607191,9.6282,9.662117
2,1,zeta3::LE::Table,write,0.256089,8.917057,0.04647812284935796,8.872995,8.908529,8.946041
2,1,delta::BE::Table,write,0.379256,6.4071832727272735,0.025223077711059916,6.389496,6.404193,6.40959
2,1,delta::BE::NoTable,write,0.379458,6.6727062727272735,0.11172698614487997,6.607594,6.66956,6.689532
2,1,delta::LE::Table,write,0.379437,7.308444454545455,0.060647084012940916,7.272552,7.303235,7.331812
2,1,delta::LE::NoTable,write,0.378806,7.275992818181817,0.11444375369658058,7.200433,7.292463,7.331833
2,1,delta_gamma::BE::Table,write,0.379049,6.738828545454546,0.03827085719542657,6.713589,6.739402,6.756744
2,1,delta_gamma::BE::NoTable,write,0.379431,8.054243363636363,0.04268508668205497,8.028065,8.049493,8.065237
2,1,delta_gamma::LE::Table,write,0.379076,7.62209218181818,0.055324701876861886,7.578272,7.612782,7.630015
2,1,delta_gamma::LE::NoTable,write,0.379176,9.079381272727272,0.057572882929537446,9.033643,9.063494,9.107742
2,2,unary::BE::NoTable,write,0.750075,2.3453438181818185,0.14047857029228208,2.222765,2.291341,2.358182
2,2,unary::BE::Table,write,0.750632,2.832843636363637,0.0369503338097851,2.80602,2.828349,2.833249
2,2,unary::LE::NoTable,write,0.749995,2.4343102727272723,0.07506464850792399,2.382968,2.416558,2.440624
2,2,unary::LE::Table,write,0.750375,2.9954716363636362,0.017474685108880905,2.981181,2.988079,3.008533
2,2,gamma::BE::NoTable,write,0.76005,5.168086818181818,0.07861563091118477,5.11691,5.141221,5.178195
2,2,gamma::BE::Table,write,0.760031,3.583284363636363,0.0259042087247333,3.562355,3.583019,3.59857
2,2,gamma::LE::NoTable,write,0.759482,5.33091709090909,0.06919923541550808,5.23986,5.340525,5.368049
2,2,gamma::LE::Table,write,0.760208,3.942175363636364,0.04157836020401169,3.897054,3.950496,3.965745
2,2,zeta3::BE::NoTable,write,0.257175,9.140916272727273,0.049350206382731146,9.098203,9.140216,9.154807
2,2,zeta3::BE::Table,write,0.256412,8.473658727272726,0.08639826858460882,8.413729,8.475503,8.49847
2,2,zeta3::LE::NoTable,write,0.256604,9.691988636363636,0.06884478102844428,9.653125,9.682491,9.720328
2,2,zeta3::LE::Table,write,0.256194,8.968135363636364,0.05023759116094791,8.937689,8.95865,8.972646
2,2,delta::BE::Table,write,0.379553,6.410951181818182,0.04418793338190457,6.379537,6.415911,6.438517
2,2,delta::BE::NoTable,write,0.379102,6.654501636363638,0.1563853615101312,6.545606,6.639241,6.690045
2,2,delta::LE::Table,write,0.378997,7.205485363636363,0.05934416541038001,7.148951,7.192794,7.216484
2,2,delta::LE::NoTable,write,0.37927,7.343210727272727,0.07664693879091435,7.282174,7.339785,7.402379
2,2,delta_gamma::BE::Table,write,0.379284,6.7785661818181815,0.04144995662680038,6.73904,6.784936,6.808816
2,2,delta_gamma::BE::NoTable,write,0.37984,8.11182609090909,0.03260662165712528,8.088576,8.12227,8.12609
2,2,delta_gamma::LE::Table,write,0.379472,7.616415363636364,0.06101033810146067,7.566839,7.603019,7.621029
2,2,delta_gamma::LE::NoTable,write,0.37882,9.093874181818181,0.04220720705713216,9.063486,9.091151,9.109963
4,1,unary::BE::NoTable,write,0.937094,2.4478813636363634,0.08992157659680207,2.379989,2.426196,2.460358
4,1,unary::BE::Table,write,0.937726,1.7241823636363636,0.013561248351628455,1.714702,1.718058,1.729488
4,1,unary::LE::NoTable,write,0.937917,2.400633181818182,0.04947052529904693,2.367277,2.377814,2.402185
4,1,unary::LE::Table,write,0.937551,2.058804,0.00733849391905451,2.053932,2.059569,2.062953
4,1,gamma::BE::NoTable,write,0.865709,5.118809181818181,0.03358099860283587,5.096003,5.108166,5.116782
4,1,gamma::BE::Table,write,0.865364,2.6906760909090908,0.03380616070912084,2.667857,2.676056,2.717941
4,1,gamma::LE::NoTable,write,0.864669,5.360488636363637,0.0982566936043268,5.291383,5.336147,5.360939
4,1,gamma::LE::Table,write,0.865173,3.088848727272727,0.014043995970456016,3.075514,3.084121,3.098352
4,1,zeta3::BE::NoTable,write,0.337884,9.256429727272728,0.04392904639550169,9.230378,9.258133,9.288274
4,1,zeta3::BE::Table,write,0.338631,8.714755000000002,0.0599532490929392,8.670744,8.701882,8.733898
4,1,zeta3::LE::NoTable,write,0.338011,9.683730727272728,0.04742767126075413,9.65699,9.676849,9.724456
4,1,zeta3::LE::Table,write,0.339437,9.182630545454545,0.04841216689296918,9.146954,9.196875,9.203528
4,1,delta::BE::Table,write,0.476576,6.689067272727273,0.03107776784484666,6.671038,6.688231,6.715172
4,1,delta::BE::NoTable,write,0.476586,6.635480636363637,0.09249729928951726,6.564255,6.609291,6.703797
4,1,delta::LE::Table,write,0.476784,7.419255909090909,0.04712014057376,7.396341,7.427159,7.432288
4,1,delta::LE::NoTable,write,0.478233,7.190496000000001,0.12135144780100526,7.091264,7.157969,7.247699
4,1,delta_gamma::BE::Table,write,0.476699,7.4318777272727266,0.01603111801522854,7.42424,7.430881,7.439253
4,1,delta_gamma::BE::NoTable,write,0.476217,8.167613181818181,0.05519325569092339,8.12723,8.150589,8.204222
4,1,delta_gamma::LE::Table,write,0.477195,8.242146545454546,0.04463256523294088,8.208526,8.224026,8.265363
4,1,delta_gamma::LE::NoTable,write,0.476601,9.10496418181818,0.046903274659277586,9.076213,9.091133,9.109072
4,2,unary::BE::NoTable,write,0.937227,2.306160909090909,0.1190649646499377,2.200414,2.239394,2.370526
4,2,unary::BE::Table,write,0.937342,1.7490942727272727,0.014353296367670467,1.736224,1.752065,1.752355
4,2,unary::LE::NoTable,write,0.937654,2.4793620909090914,0.1455292484090084,2.373118,2.388526,2.574929
4,2,unary::LE::Table,write,0.937233,2.154829454545454,0.005734525758310775,2.15016,2.155142,2.15676
4,2,gamma::BE::NoTable,write,0.864944,5.087132727272727,0.07713413414836637,5.027316,5.082673,5.104066
4,2,gamma::BE::Table,write,0.865395,2.7392552727272728,0.02772812944679428,2.717589,2.736292,2.742066
4,2,gamma::LE::NoTable,write,0.864795,5.376419727272728,0.12371259689545841,5.274163,5.340395,5.389714
4,2,gamma::LE::Table,write,0.865302,3.114159272727273,0.030748046835826454,3.085371,3.104485,3.130987
4,2,zeta3::BE::NoTable,write,0.338492,9.285697090909093,0.04626405023655959,9.23861,9.281924,9.314696
4,2,zeta3::BE::Table,write,0.338611,8.663468454545455,0.06400553048661271,8.614886,8.661896,8.681904
4,2,zeta3::LE::NoTable,write,0.338668,9.667925636363636,0.04127906088629594,9.637372,9.658674,9.683848
4,2,zeta3::LE::Table,write,0.338233,9.152906454545455,0.04551480531071988,9.107555,9.147365,9.18482
4,2,delta::BE::Table,write,0.477254,6.733719636363638,0.044011126093916005,6.699377,6.711444,6.749553
4,2,delta::BE::NoTable,write,0.477498,6.536447636363636,0.11031984835039667,6.471357,6.498733,6.567374
4,2,delta::LE::Table,write,0.477224,7.4096139090909094,0.038854375391851485,7.376774,7.414626,7.424864
4,2,delta::LE::NoTable,write,0.475813,7.397140272727271,0.1059235258845654,7.301247,7.410138,7.474619
4,2,delta_gamma::BE::Table,write,0.476692,7.460301454545456,0.026795881315469724,7.429134,7.463867,7.472912
4,2,delta_gamma::BE::NoTable,write,0.476343,8.144699727272728,0.03897171334722378,8.110515,8.133698,8.17683
4,2,delta_gamma::LE::Table,write,0.476591,8.245248454545454,0.032157678648694864,8.230496,8.240655,8.254338
4,2,delta_gamma::LE::NoTable,write,0.477184,9.109656363636361,0.043357429799915644,9.074614,9.097504,9.111772
8,1,unary::BE::NoTable,write,0.99605,2.393080909090909,0.10404210881989513,2.335802,2.343108,2.344891
8,1,unary::BE::Table,write,0.996155,1.519329909090909,0.03751273889615244,1.503566,1.506908,1.513369
8,1,unary::LE::NoTable,write,0.996088,2.4672887272727277,0.12884787290684388,2.373461,2.41884,2.474249
8,1,unary::LE::Table,write,0.996018,1.7875727272727273,0.0091754899061675,1.780077,1.786931,1.787807
8,1,gamma::BE::NoTable,write,0.928974,5.162991272727273,0.04904457935203624,5.134607,5.143047,5.152122
8,1,gamma::BE::Table,write,0.92858,2.196667818181818,0.03546037854512602,2.163186,2.201338,2.213829
8,1,gamma::LE::NoTable,write,0.928115,5.320137545454546,0.04620643648749316,5.270724,5.309298,5.347418
8,1,gamma::LE::Table,write,0.92875,2.6189487272727274,0.04405475923686541,2.584849,2.637071,2.647513
8,1,zeta3::BE::NoTable,write,0.41813,9.259491818181818,0.054689623918652557,9.213758,9.254568,9.272823
8,1,zeta3::BE::Table,write,0.4168,8.827085727272726,0.06223392538011862,8.780423,8.797136,8.852006
8,1,zeta3::LE::NoTable,write,0.417454,9.645810000000003,0.021690986307680814,9.630626,9.64405,9.657192
8,1,zeta3::LE::Table,write,0.41737,9.292111636363634,0.03987303853300573,9.254997,9.297969,9.311641
8,1,delta::BE::Table,write,0.566901,6.229513181818182,0.024716350996124913,6.206513,6.234792,6.241011
8,1,delta::BE::NoTable,write,0.565932,6.630182727272728,0.08784361021052232,6.582543,6.599624,6.664881
8,1,delta::LE::Table,write,0.566019,6.878465727272728,0.023361557251565426,6.857148,6.874197,6.896445
8,1,delta::LE::NoTable,write,0.565956,7.203566000000001,0.07941557356463552,7.135497,7.200664,7.273502
8,1,delta_gamma::BE::Table,write,0.566233,6.896244181818181,0.038430639187549735,6.870116,6.892124,6.901193
8,1,delta_gamma::BE::NoTable,write,0.565841,6.438205181818183,0.02159640622797321,6.422878,6.431693,6.450731
8,1,delta_gamma::LE::Table,write,0.565912,7.555286090909091,0.02609635716131484,7.541019,7.560723,7.56457
8,1,delta_gamma::LE::NoTable,write,0.566328,7.301703272727273,0.015551418694710188,7.292101,7.299792,7.307086
8,2,unary::BE::NoTable,write,0.996056,2.385978181818182,0.17122170665299336,2.208007,2.363281,2.429152
8,2,unary::BE::Table,write,0.99607,1.507039545454545,0.00900576902172865,1.499988,1.504873,1.506577
8,2,unary::LE::NoTable,write,0.996176,2.412230636363636,0.042545568268088044,2.384689,2.405372,2.426788
8,2,unary::LE::Table,write,0.996101,1.8945857272727273,0.001803240698903448,1.89346,1.894177,1.895005
8,2,gamma::BE::NoTable,write,0.928824,5.084119181818181,0.09129876845042126,5.035272,5.043929,5.071018
8,2,gamma::BE::Table,write,0.928804,2.1825433636363636,0.023071850893557382,2.163637,2.178791,2.187033
8,2,gamma::LE::NoTable,write,0.928269,5.316739272727273,0.054716479967356894,5.270543,5.323777,5.332737
8,2,gamma::LE::Table,write,0.92846,2.620292090909091,0.06215495098615164,2.582605,2.593023,2.609803
8,2,zeta3::BE::NoTable,write,0.417177,9.317750909090908,0.051593115948650604,9.276474,9.337245,9.341351
8,2,zeta3::BE::Table,write,0.417784,8.822028181818181,0.04648197672822931,8.788279,8.808094,8.829446
8,2,zeta3::LE::NoTable,write,0.41703,9.705460727272726,0.030696051798532555,9.690852,9.705717,9.723881
8,2,zeta3::LE::Table,write,0.4181,9.283482272727271,0.07470295430314779,9.245285,9.270968,9.277771
8,2,delta::BE::Table,write,0.566361,6.263580636363637,0.01962108403362437,6.248386,6.26107,6.264889
8,2,delta::BE::NoTable,write,0.565305,6.565678181818183,0.14575865666355337,6.469819,6.572287,6.586851
8,2,delta::LE::Table,write,0.566313,6.884313999999999,0.04358888247248356,6.850521,6.892581,6.911194
8,2,delta::LE::NoTable,write,0.566629,7.356608181818181,0.07268350871527614,7.273094,7.363778,7.407788
8,2,delta_gamma::BE::Table,write,0.565623,6.907279909090908,0.0507055228282966,6.868019,6.902581,6.920318
8,2,delta_gamma::BE::NoTable,write,0.566036,6.443040909090908,0.01995083516775452,6.425325,6.434551,6.456807
8,2,delta_gamma::LE::Table,write,0.565048,7.463359636363636,0.03487334621820137,7.43671,7.460304,7.470104
8,2,delta_gamma::LE::NoTable,write,0.566622,7.366821818181818,0.019608865866327898,7.348949,7.367415,7.369456
16,1,unary::BE::NoTable,write,0.999978,2.418534636363636,0.07729620038821144,2.369922,2.402264,2.428998
16,1,unary::BE::Table,write,0.999984,1.491421636363636,0.016762381998228854,1.478267,1.485474,1.48709
16,1,unary::LE::NoTable,write,0.999994,2.400256363636364,0.034365422759723784,2.367981,2.401069,2.426103
16,1,unary::LE::Table,write,0.99998,1.7845255454545454,0.010101370039392054,1.777299,1.784992,1.787009
16,1,gamma::BE::NoTable,write,0.963094,5.172119636363637,0.07504624104546845,5.111306,5.153666,5.195232
16,1,gamma::BE::Table,write,0.96314,1.9530443636363635,0.041010098127833655,1.924711,1.941067,1.961894
16,1,gamma::LE::NoTable,write,0.963018,5.337446727272727,0.09052686026157195,5.266069,5.326736,5.361149
16,1,gamma::LE::Table,write,0.963154,2.278323090909091,0.006417005648346377,2.27143,2.279832,2.28155
16,1,zeta3::BE::NoTable,write,0.489968,9.293959636363638,0.062208095709919996,9.24283,9.290837,9.32333
16,1,zeta3::BE::Table,write,0.48963,8.22409709090909,0.045625089364196444,8.17784,8.219988,8.245406
16,1,zeta3::LE::NoTable,write,0.489727,9.675484,0.05520245768079528,9.65299,9.667083,9.679268
16,1,zeta3::LE::Table,write,0.489108,8.673794818181818,0.0329236908952148,8.645149,8.672694,8.682185
16,1,delta::BE::Table,write,0.643396,5.474829181818181,0.04647482055439941,5.439399,5.463838,5.482242
16,1,delta::BE::NoTable,write,0.642291,6.641975,0.07173799129052892,6.578795,6.640651,6.649003
16,1,delta::LE::Table,write,0.642713,6.057197909090908,0.05893256460642856,6.014804,6.044319,6.051688
16,1,delta::LE::NoTable,write,0.641743,7.197512636363637,0.09656250116817881,7.108849,7.190456,7.248224
16,1,delta_gamma::BE::Table,write,0.642266,5.2816493636363635,0.036308267588175396,5.257463,5.267253,5.279308
16,1,delta_gamma::BE::NoTable,write,0.64289,5.283181818181818,0.010262532210114368,5.271168,5.288769,5.28892
16,1,delta_gamma::LE::Table,write,0.642594,5.695393545454546,0.014128035931180494,5.685094,5.696435,5.698598
16,1,delta_gamma::LE::NoTable,write,0.642555,6.264451454545455,0.011132791432193761,6.256536,6.259331,6.26674
16,2,unary::BE::NoTable,write,0.999982,2.4883105454545453,0.11249831373079655,2.386381,2.497356,2.544637
16,2,unary::BE::Table,write,0.999982,1.5025180909090912,0.032555428476536835,1.481448,1.489701,1.502618
16,2,unary::LE::NoTable,write,0.999985,2.4523067272727266,0.10223463271229649,2.382595,2.407242,2.449079
16,2,unary::LE::Table,write,0.99999,1.9169903636363637,0.011171720783055122,1.905593,1.918405,1.92146
16,2,gamma::BE::NoTable,write,0.962996,5.081777545454545,0.06226987615751885,5.022344,5.087499,5.111142
16,2,gamma::BE::Table,write,0.963357,1.9526434545454545,0.06793771810174917,1.896041,1.932627,1.981135
16,2,gamma::LE::NoTable,write,0.963135,5.302972181818181,0.0856961197170772,5.248818,5.282603,5.294923
16,2,gamma::LE::Table,write,0.963061,2.350372818181818,0.04555767575023597,2.312736,2.326358,2.357145
16,2,zeta3::BE::NoTable,write,0.488745,9.344206818181819,0.06436439243528726,9.280192,9.349546,9.366824
16,2,zeta3::BE::Table,write,0.490205,8.247686818181819,0.05387068339982001,8.196557,8.240095,8.285363
16,2,zeta3::LE::NoTable,write,0.489266,9.698813181818181,0.04488201996750649,9.675425,9.707952,9.723008
16,2,zeta3::LE::Table,write,0.489205,8.704200363636364,0.028462520549918588,8.676523,8.701161,8.726758
16,2,delta::BE::Table,write,0.642612,5.481620545454546,0.018957953040155132,5.470444,5.478403,5.486008
16,2,delta::BE::NoTable,write,0.641883,6.646449636363637,0.10716305536729798,6.575488,6.634347,6.708325
16,2,delta::LE::Table,write,0.642916,6.048969545454546,0.04901625883798897,6.013092,6.034201,6.071525
16,2,delta::LE::NoTable,write,0.642331,7.399359090909091,0.1264929708011116,7.286327,7.409958,7.451658
16,2,delta_gamma::BE::Table,write,0.642234,5.310505818181818,0.035880785208292625,5.285268,5.312133,5.328176
16,2,delta_gamma::BE::NoTable,write,0.643125,5.336870818181818,0.019170610469247857,5.316816,5.338639,5.342759
16,2,delta_gamma::LE::Table,write,0.642974,5.778938636363637,0.02387881139534695,5.755276,5.775835,5.793526
16,2,delta_gamma::LE::NoTable,write,0.643714,6.218817545454546,0.017533178470338057,6.203536,6.215352,6.229712
32,1,unary::BE::NoTable,write,1,2.2522351818181816,0.10420261415033524,2.190956,2.20961,2.220186
32,1,unary::BE::Table,write,1,1.5340702727272728,0.024130934951182088,1.50464,1.538363,1.54921
32,1,unary::LE::NoTable,write,1,2.422496909090909,0.06652928691253883,2.360129,2.4587,2.472334
32,1,unary::LE::Table,write,1,1.7156887272727273,0.004930047506686077,1.713001,1.717643,1.717916
32,1,gamma::BE::NoTable,write,0.981245,5.156010090909091,0.04412402735121647,5.118427,5.146752,5.194408
32,1,gamma::BE::Table,write,0.981368,1.8044919090909095,0.05625709235012872,1.750515,1.790325,1.83678
32,1,gamma::LE::NoTable,write,0.98125,5.321689090909091,0.08785058624443506,5.25696,5.292881,5.321839
32,1,gamma::LE::Table,write,0.981404,2.1558539090909092,0.048664919026860654,2.134128,2.144561,2.148227
32,1,zeta3::BE::NoTable,write,0.553699,9.271181727272728,0.06150720618283825,9.23654,9.250948,9.290215
32,1,zeta3::BE::Table,write,0.554319,7.828078272727272,0.04754083425454572,7.782519,7.830226,7.857928
32,1,zeta3::LE::NoTable,write,0.554077,9.649784,0.048063190260323026,9.606344,9.64185,9.648742
32,1,zeta3::LE::Table,write,0.554099,8.22544790909091,0.032096745499986507,8.196571,8.22467,8.243886
32,1,delta::BE::Table,write,0.705654,4.871668909090908,0.03193170798893966,4.845335,4.859519,4.880227
32,1,delta::BE::NoTable,write,0.706144,6.710118,0.1540571986867215,6.576095,6.787496,6.807634
32,1,delta::LE::Table,write,0.705333,5.407009181818181,0.031391185625325384,5.374389,5.406332,5.432458
32,1,delta::LE::NoTable,write,0.705589,7.1821921818181815,0.1104972020983501,7.073868,7.192261,7.201743
32,1,delta_gamma::BE::Table,write,0.706592,4.568097818181818,0.02632830103830549,4.545115,4.572538,4.587474
32,1,delta_gamma::BE::NoTable,write,0.705618,5.098473818181818,0.021121130508654853,5.084374,5.095652,5.102093
32,1,delta_gamma::LE::Table,write,0.70613,4.958404636363636,0.015235115183501135,4.945782,4.956424,4.960837
32,1,delta_gamma::LE::NoTable,write,0.705354,6.064374636363636,0.010724666822542563,6.054156,6.064227,6.066417
32,2,unary::BE::NoTable,write,1,2.2866632727272727,0.1147269882417306,2.19155,2.207321,2.383514
32,2,unary::BE::Table,write,1,1.5057972727272724,0.03951432663247822,1.489805,1.492879,1.499028
32,2,unary::LE::NoTable,write,1,2.4110373636363636,0.063493622013983,2.373395,2.382231,2.397728
32,2,unary::LE::Table,write,1,1.8871909090909091,0.006681048517329367,1.884583,1.885022,1.885103
32,2,gamma::BE::NoTable,write,0.98138,5.116874909090909,0.07214498672042922,5.078547,5.111447,5.167394
32,2,gamma::BE::Table,write,0.981175,1.8272222727272727,0.06991145400589363,1.760247,1.828457,1.848465
32,2,gamma::LE::NoTable,write,0.981331,5.279013818181818,0.0636625563448691,5.239579,5.252549,5.283483
32,2,gamma::LE::Table,write,0.981303,2.1938577272727273,0.047761422726068176,2.17032,2.176864,2.182527
32,2,zeta3::BE::NoTable,write,0.553397,9.359766181818182,0.06434679199279189,9.290592,9.372373,9.37997
32,2,zeta3::BE::Table,write,0.554888,7.912331545454545,0.058435710565310335,7.874862,7.911031,7.937711
32,2,zeta3::LE::NoTable,write,0.554241,9.681314909090906,0.05977529848767695,9.645183,9.672416,9.685856
32,2,zeta3::LE::Table,write,0.554159,8.20796690909091,0.046547653808660536,8.169954,8.221965,8.245722
32,2,delta::BE::Table,write,0.705991,4.886149818181818,0.03058676878592486,4.863424,4.874248,4.901127
32,2,delta::BE::NoTable,write,0.705658,6.579023545454545,0.154544502694443,6.444754,6.585687,6.620759
32,2,delta::LE::Table,write,0.705355,5.375093363636364,0.03258611192908,5.348752,5.385238,5.388967
32,2,delta::LE::NoTable,write,0.705932,7.3342978181818195,0.0626559186890086,7.300661,7.320041,7.385899
32,2,delta_gamma::BE::Table,write,0.70456,4.559981363636364,0.02557207091446739,4.546976,4.556328,4.564842
32,2,delta_gamma::BE::NoTable,write,0.705579,5.1205621818181815,0.02440965900957316,5.098519,5.11477,5.127679
32,2,delta_gamma::LE::Table,write,0.705274,5.028633363636362,0.020309814983267473,5.008105,5.034171,5.041456
32,2,delta_gamma::LE::NoTable,write,0.704924,6.0344643636363635,0.03277957579430434,5.991937,6.052412,6.059537
64,1,unary::BE::NoTable,write,1,2.393163,0.06283375662492259,2.335348,2.351199,2.446959
64,1,unary::BE::Table,write,1,1.512057909090909,0.005304385100170316,1.50559,1.51506,1.515322
64,1,unary::LE::NoTable,write,1,2.424959,0.04938669128824081,2.389611,2.416209,2.42603
64,1,unary::LE::Table,write,1,1.8460190909090908,0.004616552923005322,1.84375,1.846965,1.849472
64,1,gamma::BE::NoTable,write,0.990543,5.042519727272728,0.04235810726198925,5.003434,5.042425,5.065452
64,1,gamma::BE::Table,write,0.990408,1.7332709090909089,0.09654339180747126,1.660204,1.69072,1.738117
64,1,gamma::LE::NoTable,write,0.990488,5.425376909090909,0.100514023294717,5.323205,5.423804,5.494298
64,1,gamma::LE::Table,write,0.990513,2.146213,0.08395869918477773,2.068792,2.118517,2.178031
64,1,zeta3::BE::NoTable,write,0.610821,9.183417636363636,0.03177967564111613,9.155945,9.1698,9.199284
64,1,zeta3::BE::Table,write,0.610588,7.267297272727274,0.04122108873887463,7.239943,7.287105,7.291638
64,1,zeta3::LE::NoTable,write,0.611739,9.598198363636364,0.021401456278827318,9.582447,9.595492,9.608808
64,1,zeta3::LE::Table,write,0.611886,7.580841272727272,0.03909885641829152,7.539783,7.576313,7.603757
64,1,delta::BE::Table,write,0.757032,4.484440818181818,0.02451704299795631,4.470374,4.483992,4.497692
64,1,delta::BE::NoTable,write,0.756605,6.585377,0.10744553418546542,6.542173,6.558911,6.580521
64,1,delta::LE::Table,write,0.756282,4.8972442727272725,0.03400531310866266,4.875108,4.897184,4.90826
64,1,delta::LE::NoTable,write,0.75712,7.342728272727274,0.08962655457629815,7.276842,7.297937,7.387329
64,1,delta_gamma::BE::Table,write,0.756263,3.786882090909091,0.02406055476274205,3.766912,3.790747,3.803175
64,1,delta_gamma::BE::NoTable,write,0.756669,4.7628497272727275,0.02440995928751584,4.74124,4.762418,4.77997
64,1,delta_gamma::LE::Table,write,0.755935,4.2024338181818175,0.02553290520414065,4.186576,4.197816,4.206063
64,1,delta_gamma::LE::NoTable,write,0.757044,5.351034181818183,0.030248168618341707,5.313566,5.360421,5.369242
64,2,unary::BE::NoTable,write,1,2.2785700909090907,0.09582852543105812,2.194847,2.241004,2.350939
64,2,unary::BE::Table,write,1,1.5577816363636365,0.0073738374985176745,1.553665,1.558842,1.561016
64,2,unary::LE::NoTable,write,1,2.4239276363636364,0.1043089223089499,2.36239,2.396326,2.419937
64,2,unary::LE::Table,write,1,1.8562791818181816,0.011332986762704556,1.848822,1.851976,1.856829
64,2,gamma::BE::NoTable,write,0.990494,5.073782545454546,0.10897932565708378,4.980362,5.055646,5.100271
64,2,gamma::BE::Table,write,0.990617,1.6889366363636362,0.044204289057223164,1.654384,1.65849,1.72068
64,2,gamma::LE::NoTable,write,0.990574,5.321923090909091,0.05548488065672392,5.267426,5.306808,5.370882
64,2,gamma::LE::Table,write,0.990631,2.134498727272727,0.050726415710339555,2.105297,2.121855,2.133268
64,2,zeta3::BE::NoTable,write,0.611118,9.154708,0.06196539132612645,9.117299,9.146051,9.149181
64,2,zeta3::BE::Table,write,0.610978,7.303492727272728,0.05523266094457331,7.258106,7.289942,7.319019
64,2,zeta3::LE::NoTable,write,0.611434,9.711912636363635,0.057985652686285576,9.675288,9.69401,9.748437
64,2,zeta3::LE::Table,write,0.611064,7.613058545454546,0.05157465471598152,7.567372,7.618469,7.63183
64,2,delta::BE::Table,write,0.756766,4.468912999999999,0.028970747743198026,4.444586,4.471192,4.478562
64,2,delta::BE::NoTable,write,0.756146,6.491715181818182,0.05602159994826667,6.429882,6.50318,6.51847
64,2,delta::LE::Table,write,0.757062,4.9178358181818185,0.020258291802707287,4.900558,4.91615,4.928151
64,2,delta::LE::NoTable,write,0.756405,7.169701909090909,0.10767278339251253,7.086069,7.130231,7.159326
64,2,delta_gamma::BE::Table,write,0.756835,3.7127258181818186,0.02871355341234588,3.701887,3.705873,3.717225
64,2,delta_gamma::BE::NoTable,write,0.75621,4.834683181818183,0.030036366121147927,4.810491,4.827879,4.849304
64,2,delta_gamma::LE::Table,write,0.756744,4.195412818181819,0.008727660417525278,4.193327,4.195053,4.196416
64,2,delta_gamma::LE::NoTable,write,0.756718,5.415248363636363,0.021894789847234045,5.394686,5.414843,5.427685
128,1,unary::BE::NoTable,write,1,2.455887636363636,0.11652941092468694,2.337265,2.449549,2.455875
128,1,unary::BE::Table,write,1,1.5217333636363637,0.008130879537574359,1.515738,1.524539,1.527918
128,1,unary::LE::NoTable,write,1,2.4317313636363638,0.07490584083270503,2.381131,2.392438,2.422372
128,1,unary::LE::Table,write,1,1.793314,0.019961477435300207,1.775409,1.783432,1.803791
128,1,gamma::BE::NoTable,write,0.99524,5.205463,0.09718233859297694,5.164479,5.175107,5.183088
128,1,gamma::BE::Table,write,0.995284,1.747981,0.07703487986620088,1.662376,1.767552,1.772339
128,1,gamma::LE::NoTable,write,0.995288,5.368377545454545,0.07342608825119812,5.312823,5.355947,5.397502
128,1,gamma::LE::Table,write,0.995263,2.072551181818182,0.0702955680947501,2.035729,2.042899,2.051515
128,1,zeta3::BE::NoTable,write,0.66109,9.292345727272727,0.06194800951457735,9.255773,9.282945,9.318404
128,1,zeta3::BE::Table,write,0.66103,6.359147727272727,0.05648461583668741,6.301396,6.343146,6.384915
128,1,zeta3::LE::NoTable,write,0.66058,9.646559181818182,0.05952425810846886,9.608322,9.634705,9.683742
128,1,zeta3::LE::Table,write,0.660789,6.709388999999999,0.03885173626493422,6.683593,6.702378,6.737066
128,1,delta::BE::Table,write,0.798265,3.999732909090909,0.019979985813080785,3.982242,3.997207,4.010449
128,1,delta::BE::NoTable,write,0.798012,6.688815090909091,0.10749199867660343,6.585483,6.662785,6.724353
128,1,delta::LE::Table,write,0.798582,4.465968363636364,0.017751888143365077,4.452032,4.467366,4.474801
128,1,delta::LE::NoTable,write,0.797847,7.2064794545454545,0.16559072831916857,7.104776,7.149248,7.204452
128,1,delta_gamma::BE::Table,write,0.798044,3.361517818181818,0.017990651804858024,3.347801,3.361492,3.366389
128,1,delta_gamma::BE::NoTable,write,0.797275,4.836158272727272,0.020161112231674612,4.814387,4.840308,4.848518
128,1,delta_gamma::LE::Table,write,0.797499,3.94938,0.01988342508724288,3.93627,3.949231,3.954113
128,1,delta_gamma::LE::NoTable,write,0.797895,5.358328181818182,0.02345573299565883,5.330807,5.357723,5.374024
128,2,unary::BE::NoTable,write,1,2.2934379999999996,0.10622467009221555,2.19914,2.247689,2.320178
128,2,unary::BE::Table,write,1,1.5166757272727274,0.009388430157283028,1.508035,1.51622,1.522334
128,2,unary::LE::NoTable,write,1,2.390118727272727,0.01845950639692687,2.380742,2.383747,2.391016
128,2,unary::LE::Table,write,1,1.9081246363636362,0.0014783595822889027,1.907319,1.907886,1.908402
128,2,gamma::BE::NoTable,write,0.995203,5.206871454545454,0.1029377490101312,5.118329,5.181826,5.223266
128,2,gamma::BE::Table,write,0.995234,1.7078606363636364,0.09437745621415397,1.635111,1.665748,1.700601
128,2,gamma::LE::NoTable,write,0.995236,5.287811636363636,0.07847227416007856,5.211144,5.267745,5.3607
128,2,gamma::LE::Table,write,0.995329,2.1323302727272724,0.09408755269969657,2.063879,2.088022,2.135768
128,2,zeta3::BE::NoTable,write,0.66099,9.128997181818182,0.0766688168812043,9.066711,9.13521,9.151101
128,2,zeta3::BE::Table,write,0.661097,6.403682545454546,0.04216226434707613,6.369012,6.409844,6.417337
128,2,zeta3::LE::NoTable,write,0.661321,9.722918727272727,0.07746268900714827,9.66885,9.718306,9.726859
128,2,zeta3::LE::Table,write,0.66201,6.685575727272727,0.012430814712567297,6.679229,6.685461,6.691803
128,2,delta::BE::Table,write,0.797813,4.071399363636364,0.021424425477817307,4.05231,4.069573,4.073831
128,2,delta::BE::NoTable,write,0.799025,6.530453454545454,0.07616379889470266,6.46799,6.509298,6.562808
128,2,delta::LE::Table,write,0.798231,4.524732727272728,0.01650693775411359,4.507956,4.521616,4.528417
128,2,delta::LE::NoTable,write,0.798109,7.148048999999999,0.09811030259559914,7.092068,7.148545,7.22397
128,2,delta_gamma::BE::Table,write,0.797773,3.420769272727273,0.02115079854327435,3.408264,3.427782,3.432558
128,2,delta_gamma::BE::NoTable,write,0.797944,4.839077,0.02830262111536659,4.825154,4.835369,4.842021
128,2,delta_gamma::LE::Table,write,0.79814,3.902812909090909,0.011111995792426681,3.896464,3.905314,3.911398
128,2,delta_gamma::LE::NoTable,write,0.798652,5.381442909090909,0.012857818426580396,5.376502,5.381774,5.390985
256,1,unary::BE::NoTable,write,1,2.369040545454546,0.03096329764855043,2.34592,2.357022,2.373342
256,1,unary::BE::Table,write,1,1.5340388181818183,0.01446551930501064,1.520429,1.536371,1.540693
256,1,unary::LE::NoTable,write,1,2.555073727272727,0.16746172678441537,2.415186,2.483364,2.693067
256,1,unary::LE::Table,write,1,1.7757104545454547,0.004723909088109826,1.773218,1.774275,1.774564
256,1,gamma::BE::NoTable,write,0.997581,5.183421909090909,0.07579026739160455,5.119966,5.182913,5.195626
256,1,gamma::BE::Table,write,0.997607,1.6673786363636365,0.0496582060615821,1.628531,1.653779,1.670454
256,1,gamma::LE::NoTable,write,0.997612,5.353871818181817,0.11986029129016686,5.26618,5.295848,5.33452
256,1,gamma::LE::Table,write,0.997641,2.0405493636363636,0.05294835052250965,2.016149,2.021634,2.0227
256,1,zeta3::BE::NoTable,write,0.705029,9.281942272727273,0.04318798402354766,9.255879,9.28219,9.294567
256,1,zeta3::BE::Table,write,0.705522,5.921858545454546,0.02800338453960046,5.899992,5.923097,5.929843
256,1,zeta3::LE::NoTable,write,0.705136,9.645913363636362,0.046734890397374176,9.620146,9.64586,9.656419
256,1,zeta3::LE::Table,write,0.704436,6.282483363636365,0.03918778070591069,6.250207,6.284513,6.306257
256,1,delta::BE::Table,write,0.832373,3.7247482727272723,0.020511025484314094,3.722601,3.724747,3.728111
256,1,delta::BE::NoTable,write,0.831677,6.614704363636363,0.10227460093128965,6.544944,6.607907,6.626791
256,1,delta::LE::Table,write,0.832282,4.172424545454545,0.023266189560663543,4.152078,4.167213,4.182567
256,1,delta::LE::NoTable,write,0.831375,7.455641363636364,0.14763846533764347,7.37292,7.408576,7.467431
256,1,delta_gamma::BE::Table,write,0.831999,3.240238090909091,0.016358189028462346,3.228172,3.237769,3.249181
256,1,delta_gamma::BE::NoTable,write,0.832409,4.744159454545454,0.03643920833487911,4.718068,4.731787,4.740993
256,1,delta_gamma::LE::Table,write,0.831907,3.6806773636363643,0.014774229863330973,3.668047,3.684894,3.692723
256,1,delta_gamma::LE::NoTable,write,0.831814,5.39640990909091,0.013401541802752113,5.384761,5.400425,5.406511
256,2,unary::BE::NoTable,write,1,2.2504081818181816,0.10021614825447857,2.193081,2.20533,2.210247
256,2,unary::BE::Table,write,1,1.511675090909091,0.007776183414176223,1.506468,1.5106,1.513499
256,2,unary::LE::NoTable,write,1,2.416814090909091,0.034584130998059064,2.399881,2.409765,2.431709
256,2,unary::LE::Table,write,1,1.9001622727272727,0.0054355024439495725,1.896565,1.899316,1.901117
256,2,gamma::BE::NoTable,write,0.997601,5.039961272727273,0.06481674472247258,4.992608,5.01386,5.045583
256,2,gamma::BE::Table,write,0.997639,1.6775731818181818,0.06456093517881875,1.613773,1.675961,1.70136
256,2,gamma::LE::NoTable,write,0.99765,5.40188109090909,0.1131925081588481,5.300338,5.36111,5.495705
256,2,gamma::LE::Table,write,0.997591,2.0452601818181817,0.00740184815864495,2.041554,2.045368,2.048905
256,2,zeta3::BE::NoTable,write,0.704898,9.14000518181818,0.07299024146804652,9.111421,9.134433,9.16373
256,2,zeta3::BE::Table,write,0.704888,5.919294090909091,0.04194416633443669,5.891935,5.912167,5.93983
256,2,zeta3::LE::NoTable,write,0.705099,9.705618636363637,0.042198875367176925,9.674651,9.709739,9.739353
256,2,zeta3::LE::Table,write,0.705611,6.310341818181818,0.04148217643957029,6.276805,6.304785,6.328028
256,2,delta::BE::Table,write,0.832231,3.747751181818182,0.016509695314076374,3.736708,3.744972,3.756566
256,2,delta::BE::NoTable,write,0.831874,6.797721818181818,0.2083069255060034,6.610035,6.792145,6.852266
256,2,delta::LE::Table,write,0.831605,4.182612,0.02600504841756693,4.159885,4.173615,4.196867
256,2,delta::LE::NoTable,write,0.830824,7.357680090909091,0.18789884985888264,7.216199,7.346098,7.39527
256,2,delta_gamma::BE::Table,write,0.831606,3.1965338181818184,0.02053565059509039,3.179383,3.187406,3.206134
256,2,delta_gamma::BE::NoTable,write,0.831793,4.743170636363636,0.023256886318992503,4.726791,4.7351,4.765696
256,2,delta_gamma::LE::Table,write,0.831961,3.684499727272727,0.010886622176698427,3.671109,3.683444,3.690553
256,2,delta_gamma::LE::NoTable,write,0.831706,5.428664727272728,0.016687049560008545,5.409569,5.430818,5.435411
512,1,unary::BE::NoTable,write,1,2.327807181818182,0.11311343557404503,2.214191,2.351594,2.366019
512,1,unary::BE::Table,write,1,1.518058181818182,0.005049596079255887,1.51348,1.516822,1.520279
512,1,unary::LE::NoTable,write,1,2.416292909090909,0.06326445418788429,2.378485,2.390588,2.405791
512,1,unary::LE::Table,write,1,1.7861189090909089,0.01572790685027443,1.773155,1.784333,1.791481
512,1,gamma::BE::NoTable,write,0.998896,5.211734636363636,0.09842959275875597,5.093242,5.244656,5.277844
512,1,gamma::BE::Table,write,0.998818,1.7037565454545454,0.08857456613313287,1.627875,1.664953,1.76467
512,1,gamma::LE::NoTable,write,0.99889,5.302931636363636,0.07110593070099377,5.25089,5.305522,5.317042
512,1,gamma::LE::Table,write,0.998797,2.025122818181818,0.04193671958276701,2.008049,2.009597,2.017859
512,1,zeta3::BE::NoTable,write,0.743434,9.286124818181818,0.08532316582595632,9.216641,9.283228,9.300828
512,1,zeta3::BE::Table,write,0.743177,5.542272727272727,0.04300335195328591,5.505554,5.536043,5.549138
512,1,zeta3::LE::NoTable,write,0.742716,9.66182609090909,0.05295656112788017,9.61553,9.661513,9.687544
512,1,zeta3::LE::Table,write,0.742673,5.898641545454546,0.0288404125087129,5.876611,5.902258,5.915054
512,1,delta::BE::Table,write,0.859667,3.4831922727272726,0.02030294468342415,3.464581,3.486863,3.49612
512,1,delta::BE::NoTable,write,0.859677,6.647176090909091,0.15310870679517521,6.49738,6.680545,6.761265
512,1,delta::LE::Table,write,0.858928,3.943524636363636,0.03394519496562869,3.909858,3.947643,3.967133
512,1,delta::LE::NoTable,write,0.859892,7.427052272727273,0.18878592727959947,7.24971,7.359899,7.55088
512,1,delta_gamma::BE::Table,write,0.860194,3.0682442727272727,0.03199682429582946,3.049977,3.062322,3.079732
512,1,delta_gamma::BE::NoTable,write,0.859803,4.705814090909091,0.017001138746887218,4.694607,4.710724,4.715436
512,1,delta_gamma::LE::Table,write,0.859662,3.506562272727273,0.02334110012441962,3.487986,3.500243,3.501712
512,1,delta_gamma::LE::NoTable,write,0.859889,5.392137454545454,0.021280739467244295,5.373617,5.388433,5.4082
512,2,unary::BE::NoTable,write,1,2.287808090909091,0.0858028359093737,2.195578,2.353264,2.357487
512,2,unary::BE::Table,write,1,1.5175834545454543,0.010352074529905917,1.509216,1.514884,1.517691
512,2,unary::LE::NoTable,write,1,2.4499071818181815,0.09783748985518603,2.381034,2.416022,2.45518
512,2,unary::LE::Table,write,1,1.9063118181818182,0.019030340137886063,1.894021,1.895605,1.899919
512,2,gamma::BE::NoTable,write,0.998785,5.118270999999999,0.11584087677845005,5.03408,5.06029,5.147992
512,2,gamma::BE::Table,write,0.998854,1.6824282727272728,0.0755357140683676,1.610941,1.654225,1.714832
512,2,gamma::LE::NoTable,write,0.99886,5.317365,0.09566483180772341,5.221007,5.320037,5.383658
512,2,gamma::LE::Table,write,0.99881,2.0694194545454545,0.06142967791933088,2.027755,2.04355,2.05474
512,2,zeta3::BE::NoTable,write,0.743095,9.115898363636365,0.06912416592664651,9.068192,9.111199,9.143808
512,2,zeta3::BE::Table,write,0.742945,5.558528090909091,0.032308518871822484,5.559332,5.569524,5.571704
512,2,zeta3::LE::NoTable,write,0.742508,9.687864727272729,0.049450359335581846,9.643041,9.695403,9.713824
512,2,zeta3::LE::Table,write,0.742209,5.956985181818181,0.037682512439640194,5.929076,5.941027,5.968901
512,2,delta::BE::Table,write,0.859877,3.4978086363636365,0.021556950096304154,3.484442,3.493565,3.511745
512,2,delta::BE::NoTable,write,0.859641,6.668187727272727,0.15810576426436262,6.569156,6.619038,6.782298
512,2,delta::LE::Table,write,0.859319,3.943656545454545,0.02330038156925168,3.923123,3.93788,3.960719
512,2,delta::LE::NoTable,write,0.859548,7.312731181818182,0.12322243891257638,7.211427,7.286858,7.351446
512,2,delta_gamma::BE::Table,write,0.859452,2.998266090909091,0.02270290830027973,2.982765,2.995427,3.010752
512,2,delta_gamma::BE::NoTable,write,0.859934,4.753784818181819,0.023198387016420678,4.735779,4.748226,4.750642
512,2,delta_gamma::LE::Table,write,0.859396,3.5060518181818185,0.012039115223455426,3.498331,3.504911,3.51335
512,2,delta_gamma::LE::NoTable,write,0.859545,5.422680909090909,0.01626331396397761,5.408389,5.424823,5.429999
1024,1,unary::BE::NoTable,write,1,2.2138255454545455,0.04831673761826982,2.189973,2.201102,2.212722
1024,1,unary::BE::Table,write,1,1.5359537272727273,0.03134329699023669,1.516393,1.525633,1.541218
1024,1,unary::LE::NoTable,write,1,2.389321818181818,0.03388675762541527,2.367951,2.379961,2.384751
1024,1,unary::LE::Table,write,1,1.7764170909090913,0.005292854002417708,1.772991,1.774467,1.774617
1024,1,gamma::BE::NoTable,write,0.99944,5.163087,0.08782155124341638,5.104201,5.110567,5.157255
1024,1,gamma::BE::Table,write,0.999416,1.6715675454545456,0.05582810771710543,1.628405,1.664855,1.681229
1024,1,gamma::LE::NoTable,write,0.999397,5.287915090909091,0.04287732294687836,5.245536,5.295954,5.310916
1024,1,gamma::LE::Table,write,0.999393,2.0642478181818182,0.08711984735962088,2.006664,2.010804,2.042696
1024,1,zeta3::BE::NoTable,write,0.776129,9.31379527272727,0.05977699116899624,9.269363,9.302955,9.32496
1024,1,zeta3::BE::Table,write,0.775473,5.014173363636364,0.035547343004147955,4.979468,5.021762,5.033008
1024,1,zeta3::LE::NoTable,write,0.775622,9.664738636363637,0.03962409743141854,9.63618,9.663587,9.681131
1024,1,zeta3::LE::Table,write,0.775908,5.3692387272727276,0.03993915958076975,5.33278,5.371929,5.392897
1024,1,delta::BE::Table,write,0.883186,3.281118818181818,0.020878370174983406,3.267118,3.283556,3.287514
1024,1,delta::BE::NoTable,write,0.882908,6.681735272727273,0.1499182486537852,6.57219,6.676989,6.711179
1024,1,delta::LE::Table,write,0.88302,3.719477636363637,0.014392866853220939,3.708805,3.71683,3.721654
1024,1,delta::LE::NoTable,write,0.883091,7.420462090909091,0.13704387991986688,7.309958,7.426904,7.456771
1024,1,delta_gamma::BE::Table,write,0.883519,2.901861818181818,0.020581567432137887,2.890853,2.903644,2.91145
1024,1,delta_gamma::BE::NoTable,write,0.883169,4.715940545454546,0.021080266954493842,4.700728,4.713531,4.724554
1024,1,delta_gamma::LE::Table,write,0.883638,3.3671158181818184,0.014226257630298857,3.356467,3.368161,3.376493
1024,1,delta_gamma::LE::NoTable,write,0.883076,5.416558363636363,0.03186287460752004,5.394552,5.410676,5.41821
1024,2,unary::BE::NoTable,write,1,2.3427514545454544,0.16566632962576533,2.194385,2.35172,2.362071
1024,2,unary::BE::Table,write,1,1.5287431818181818,0.023547830515009877,1.507938,1.518305,1.548177
1024,2,unary::LE::NoTable,write,1,2.466227727272727,0.084695473334873,2.386368,2.4428,2.507174
1024,2,unary::LE::Table,write,1,1.904941909090909,0.002845348500783162,1.903092,1.904198,1.904602
1024,2,gamma::BE::NoTable,write,0.99943,5.131318090909091,0.11744981256132728,5.047891,5.108456,5.140734
1024,2,gamma::BE::Table,write,0.999388,1.6324112727272726,0.04083861182285932,1.599476,1.609793,1.671193
1024,2,gamma::LE::NoTable,write,0.99938,5.339942181818182,0.11993735890106806,5.243978,5.319309,5.412803
1024,2,gamma::LE::Table,write,0.999418,2.043643545454546,0.05615020354257613,2.021103,2.029538,2.031664
1024,2,zeta3::BE::NoTable,write,0.77604,9.178708181818182,0.07961257929852324,9.120494,9.193281,9.226958
1024,2,zeta3::BE::Table,write,0.775844,4.995000545454546,0.05135595419688678,4.950169,5.005842,5.014183
1024,2,zeta3::LE::NoTable,write,0.776335,9.723901727272727,0.0559320730495322,9.668779,9.731136,9.748647
1024,2,zeta3::LE::Table,write,0.77563,5.397275727272728,0.021508694019353854,5.37913,5.3948,5.412563
1024,2,delta::BE::Table,write,0.88318,3.303023727272728,0.01587982755001379,3.291255,3.305795,3.31711
1024,2,delta::BE::NoTable,write,0.883532,6.758859181818182,0.1524449435447553,6.621727,6.763085,6.847163
1024,2,delta::LE::Table,write,0.883064,3.7355568181818177,0.024719320989129916,3.713183,3.734391,3.739609
1024,2,delta::LE::NoTable,write,0.883275,7.308120454545454,0.12394964508732051,7.195152,7.325446,7.380072
1024,2,delta_gamma::BE::Table,write,0.882944,2.8475432727272723,0.027804072453836363,2.818983,2.857448,2.865355
1024,2,delta_gamma::BE::NoTable,write,0.883135,4.748975272727273,0.017332451350521125,4.738986,4.750084,4.761582
1024,2,delta_gamma::LE::Table,write,0.883341,3.3494264545454544,0.014878111414851269,3.336347,3.343005,3.358814
1024,2,delta_gamma::LE::NoTable,write,0.88302,5.3402281818181825,0.016692486009089125,5.325643,5.340933,5.35045
2048,1,unary::BE::NoTable,write,1,2.390151727272727,0.07066117684003137,2.336826,2.346051,2.423486
2048,1,unary::BE::Table,write,1,1.5276379999999998,0.007091564961276166,1.523363,1.528539,1.530144
2048,1,unary::LE::NoTable,write,1,2.484894,0.12733685015265614,2.385464,2.422907,2.551372
2048,1,unary::LE::Table,write,1,1.7823483636363635,0.01017493546193514,1.77497,1.78154,1.783212
2048,1,gamma::BE::NoTable,write,0.999708,5.310305363636363,0.1659802672911892,5.173355,5.29836,5.334119
2048,1,gamma::BE::Table,write,0.999712,1.6625885454545455,0.05185042775785682,1.62224,1.647122,1.662361
2048,1,gamma::LE::NoTable,write,0.999706,5.332953727272726,0.08937205924346917,5.273434,5.37457,5.383261
2048,1,gamma::LE::Table,write,0.999715,2.0048884545454544,0.0023647953130719896,2.002214,2.005985,2.006562
2048,1,zeta3::BE::NoTable,write,0.80528,9.284932181818183,0.05101644803358659,9.249657,9.267301,9.282302
2048,1,zeta3::BE::Table,write,0.805132,4.718148181818182,0.03813202172929777,4.69691,4.710336,4.718446
2048,1,zeta3::LE::NoTable,write,0.805256,9.686677181818181,0.06878066894094313,9.628614,9.691401,9.71435
2048,1,zeta3::LE::Table,write,0.804986,5.064038909090909,0.018093922418616425,5.044685,5.067274,5.080061
2048,1,delta::BE::Table,write,0.902418,3.126320727272727,0.030754402068942643,3.10736,3.114207,3.128345
2048,1,delta::BE::NoTable,write,0.903032,6.618852727272728,0.10726056951376946,6.526906,6.572422,6.640733
2048,1,delta::LE::Table,write,0.902441,3.5474146363636363,0.016503851176454108,3.538066,3.541579,3.548993
2048,1,delta::LE::NoTable,write,0.90262,7.380006454545455,0.1202587332690343,7.257471,7.366596,7.426218
2048,1,delta_gamma::BE::Table,write,0.903192,2.7868821818181817,0.03420059780710914,2.764516,2.792047,2.812812
2048,1,delta_gamma::BE::NoTable,write,0.902682,4.71931,0.020387326107167716,4.704893,4.724864,4.731722
2048,1,delta_gamma::LE::Table,write,0.903173,3.2674922727272726,0.019018147728371994,3.254309,3.260865,3.268462
2048,1,delta_gamma::LE::NoTable,write,0.903035,5.417562636363637,0.02081459724939563,5.398786,5.412354,5.426569
2048,2,unary::BE::NoTable,write,1,2.454279090909091,0.1021455357580101,2.348916,2.442909,2.528171
2048,2,unary::BE::Table,write,1,1.519944,0.01921616888456175,1.508037,1.512344,1.522585
2048,2,unary::LE::NoTable,write,1,2.4907352727272727,0.09993319596419487,2.392417,2.472109,2.529966
2048,2,unary::LE::Table,write,1,1.899393181818182,0.004311548441527317,1.89573,1.898363,1.899399
2048,2,gamma::BE::NoTable,write,0.999654,5.0849459090909095,0.11818757789840227,5.01602,5.050547,5.072041
2048,2,gamma::BE::Table,write,0.999687,1.7137182727272726,0.10800427851811327,1.602008,1.732528,1.74891
2048,2,gamma::LE::NoTable,write,0.999705,5.329648909090909,0.07544669520191653,5.261721,5.317054,5.376483
2048,2,gamma::LE::Table,write,0.999703,2.053124,0.04976292045288338,2.025868,2.029903,2.032159
2048,2,zeta3::BE::NoTable,write,0.805881,9.169255727272727,0.053967627164978896,9.136517,9.177044,9.186509
2048,2,zeta3::BE::Table,write,0.804828,4.722624909090909,0.024901225252804617,4.703191,4.716794,4.728422
2048,2,zeta3::LE::NoTable,write,0.805612,9.68194390909091,0.0539730204110433,9.641762,9.69253,9.704464
2048,2,zeta3::LE::Table,write,0.805067,5.109767545454546,0.026376158406271482,5.093466,5.104949,5.12033
2048,2,delta::BE::Table,write,0.902983,3.100933090909091,0.028124876580900935,3.082818,3.086837,3.108797
2048,2,delta::BE::NoTable,write,0.903365,6.651431636363637,0.0983975620544257,6.574741,6.618653,6.759422
2048,2,delta::LE::Table,write,0.903088,3.555259818181818,0.021418434512438994,3.537342,3.557373,3.566671
2048,2,delta::LE::NoTable,write,0.902302,7.444772818181819,0.12347708624503437,7.327848,7.444378,7.506726
2048,2,delta_gamma::BE::Table,write,0.902414,2.733174818181818,0.026620706654099824,2.706844,2.72842,2.750079
2048,2,delta_gamma::BE::NoTable,write,0.902663,4.735970727272727,0.021649383155604746,4.721846,4.733252,4.739502
2048,2,delta_gamma::LE::Table,write,0.902961,3.238633,0.007589316701785506,3.232975,3.23973,3.24473
2048,2,delta_gamma::LE::NoTable,write,0.903391,5.395193909090909,0.018144135738329056,5.381386,5.3967,5.398381
4096,1,unary::BE::NoTable,write,1,2.2183660000000005,0.05166765995281766,2.185541,2.202117,2.216594
4096,1,unary::BE::Table,write,1,1.5246836363636362,0.009263700678160156,1.519454,1.522266,1.529414
4096,1,unary::LE::NoTable,write,1,2.438891818181818,0.06878510867450625,2.391522,2.427402,2.436214
4096,1,unary::LE::Table,write,1,1.7837522727272728,0.017204958181238975,1.776003,1.780079,1.78071
4096,1,gamma::BE::NoTable,write,0.999856,5.221794909090909,0.07047747269511628,5.164803,5.208057,5.238959
4096,1,gamma::BE::Table,write,0.999843,1.6943915454545455,0.03282125402651043,1.670986,1.701388,1.709013
4096,1,gamma::LE::NoTable,write,0.999852,5.390968000000001,0.13782284799263128,5.281365,5.372682,5.450325
4096,1,gamma::LE::Table,write,0.999853,2.020678,0.057922930015668235,2.001939,2.003071,2.004032
4096,1,zeta3::BE::NoTable,write,0.830261,9.31041518181818,0.0732550204666114,9.267263,9.320953,9.336021
4096,1,zeta3::BE::Table,write,0.830553,4.506991454545454,0.0221516503464804,4.496908,4.508846,4.511143
4096,1,zeta3::LE::NoTable,write,0.829948,9.667663,0.06429500602535163,9.63861,9.656574,9.681932
4096,1,zeta3::LE::Table,write,0.830226,4.877306818181817,0.03103475142100605,4.858867,4.894071,4.898498
4096,1,delta::BE::Table,write,0.919818,2.9927466363636364,0.017840474944758225,2.97918,2.996787,2.998943
4096,1,delta::BE::NoTable,write,0.919617,6.681716090909091,0.09874003877906315,6.621804,6.632387,6.669367
4096,1,delta::LE::Table,write,0.919825,3.404951181818182,0.015445186828382383,3.390891,3.405186,3.411032
4096,1,delta::LE::NoTable,write,0.919636,7.295402545454545,0.10615055144591927,7.183673,7.291372,7.349951
4096,1,delta_gamma::BE::Table,write,0.919436,2.739448909090909,0.031986416793553296,2.715277,2.746213,2.758554
4096,1,delta_gamma::BE::NoTable,write,0.919502,4.729941636363637,0.019329878180023272,4.71562,4.728893,4.735364
4096,1,delta_gamma::LE::Table,write,0.919759,3.17706,0.01152716073454341,3.167649,3.179579,3.181749
4096,1,delta_gamma::LE::NoTable,write,0.919733,5.405929545454545,0.023753379685272802,5.39206,5.401355,5.412494
4096,2,unary::BE::NoTable,write,1,2.2906102727272732,0.09921018144534473,2.202831,2.253143,2.324316
4096,2,unary::BE::Table,write,1,1.5277121818181818,0.030182798318970316,1.505069,1.513485,1.532314
4096,2,unary::LE::NoTable,write,1,2.4423393636363637,0.09471406941027584,2.376257,2.390587,2.482173
4096,2,unary::LE::Table,write,1,1.9046407272727273,0.002381263198006829,1.903021,1.904199,1.904677
4096,2,gamma::BE::NoTable,write,0.999845,5.073794636363636,0.1085542243584032,4.963938,5.073097,5.094042
4096,2,gamma::BE::Table,write,0.999848,1.6575464545454546,0.054292961793152586,1.617937,1.641658,1.657239
4096,2,gamma::LE::NoTable,write,0.99984,5.358093727272727,0.09670525789644634,5.252337,5.361671,5.440454
4096,2,gamma::LE::Table,write,0.99982,2.0983276363636367,0.12422774275359971,2.024507,2.051575,2.114995
4096,2,zeta3::BE::NoTable,write,0.829492,9.180801454545454,0.09994839133309105,9.115886,9.189042,9.22128
4096,2,zeta3::BE::Table,write,0.831179,4.510257363636363,0.039567200849371986,4.488756,4.496852,4.512074
4096,2,zeta3::LE::NoTable,write,0.829438,9.676215636363636,0.046855968350409276,9.642733,9.655487,9.702293
4096,2,zeta3::LE::Table,write,0.830448,4.906865818181818,0.02668054942019808,4.886654,4.906707,4.922589
4096,2,delta::BE::Table,write,0.919302,3.0006832727272723,0.0419025956429692,2.975185,2.98116,3.010403
4096,2,delta::BE::NoTable,write,0.919954,6.654108272727273,0.10668729293602953,6.546036,6.672175,6.69988
4096,2,delta::LE::Table,write,0.920127,3.418014,0.02252452490952921,3.396979,3.412984,3.437465
4096,2,delta::LE::NoTable,write,0.919903,7.3418243636363645,0.11232267062287356,7.24305,7.343121,7.402192
4096,2,delta_gamma::BE::Table,write,0.919571,2.641136909090909,0.028803099997932725,2.61256,2.641683,2.651738
4096,2,delta_gamma::BE::NoTable,write,0.920047,4.759613272727272,0.025810021763225416,4.733674,4.766635,4.768481
4096,2,delta_gamma::LE::Table,write,0.919591,3.1288875454545453,0.013840007285862585,3.114432,3.128884,3.13676
4096,2,delta_gamma::LE::NoTable,write,0.919555,5.381081727272727,0.026087620551100244,5.356799,5.389687,5.398726
8192,1,unary::BE::NoTable,write,1,2.282143454545455,0.13118812056765175,2.197048,2.231863,2.255949
8192,1,unary::BE::Table,write,1,1.5306153636363637,0.016366082813384072,1.521975,1.523447,1.529294
8192,1,unary::LE::NoTable,write,1,2.4319235454545454,0.04571691346397666,2.370872,2.44868,2.463451
8192,1,unary::LE::Table,write,1,1.7755536363636362,0.004135148855185968,1.774127,1.774336,1.774654
8192,1,gamma::BE::NoTable,write,0.999934,5.285541090909092,0.07638032360687463,5.200616,5.282243,5.334649
8192,1,gamma::BE::Table,write,0.999925,1.6792496363636362,0.06250851133929318,1.621147,1.648104,1.699886
8192,1,gamma::LE::NoTable,write,0.99993,5.375275272727272,0.1601440179832459,5.278088,5.334863,5.388438
8192,1,gamma::LE::Table,write,0.999921,2.0210210909090907,0.0182265451660733,2.005781,2.016936,2.025846
8192,1,zeta3::BE::NoTable,write,0.852663,9.319472181818183,0.056439595074412346,9.277861,9.297176,9.330281
8192,1,zeta3::BE::Table,write,0.852815,4.1729009999999995,0.037014544927636193,4.137607,4.169032,4.180837
8192,1,zeta3::LE::NoTable,write,0.852146,9.65240390909091,0.06874494838234231,9.578834,9.640137,9.689284
8192,1,zeta3::LE::Table,write,0.851863,4.525909909090909,0.03672972515675705,4.490641,4.525752,4.54525
8192,1,delta::BE::Table,write,0.934725,2.8853361818181815,0.022112724847101847,2.8659,2.880856,2.893534
8192,1,delta::BE::NoTable,write,0.934357,6.670226363636364,0.1254229124835432,6.572582,6.640021,6.7809
8192,1,delta::LE::Table,write,0.934266,3.2997521818181816,0.01686090761980611,3.284622,3.295719,3.30466
8192,1,delta::LE::NoTable,write,0.934632,7.324396818181818,0.11037902308755779,7.242855,7.323726,7.371359
8192,1,delta_gamma::BE::Table,write,0.934874,2.6191886363636363,0.024924895559551307,2.604766,2.610509,2.632487
8192,1,delta_gamma::BE::NoTable,write,0.934901,4.7201830909090905,0.020573255495689308,4.699678,4.723905,4.726144
8192,1,delta_gamma::LE::Table,write,0.934527,3.096843090909091,0.011531086717690962,3.091294,3.097208,3.105359
8192,1,delta_gamma::LE::NoTable,write,0.934695,5.391765545454546,0.016498166518517366,5.384581,5.386271,5.39232
8192,2,unary::BE::NoTable,write,1,2.4567960909090907,0.133634287500218,2.349439,2.441116,2.480951
8192,2,unary::BE::Table,write,1,1.5407515454545455,0.02431138262774719,1.511807,1.546995,1.555138
8192,2,unary::LE::NoTable,write,1,2.4708805454545453,0.10656269618150958,2.383565,2.43271,2.477539
8192,2,unary::LE::Table,write,1,1.908511181818182,0.014393054219436414,1.895287,1.905104,1.908742
8192,2,gamma::BE::NoTable,write,0.999928,5.103086,0.06431122552400936,5.073243,5.085471,5.097405
8192,2,gamma::BE::Table,write,0.999926,1.6621406363636362,0.06761447008484606,1.601402,1.656117,1.673704
8192,2,gamma::LE::NoTable,write,0.999935,5.369512090909091,0.1194046110059863,5.270395,5.367193,5.436319
8192,2,gamma::LE::Table,write,0.999925,2.0284068181818182,0.0031433386651196766,2.024703,2.028673,2.030599
8192,2,zeta3::BE::NoTable,write,0.852067,9.196126090909091,0.11721876743802977,9.096739,9.151706,9.280087
8192,2,zeta3::BE::Table,write,0.85217,4.200618454545455,0.043097328154686344,4.169814,4.199484,4.21074
8192,2,zeta3::LE::NoTable,write,0.851618,9.681121909090908,0.04699102923208763,9.64697,9.684929,9.705835
8192,2,zeta3::LE::Table,write,0.852466,4.562141454545455,0.020869146486445608,4.54445,4.560242,4.563767
8192,2,delta::BE::Table,write,0.934406,2.875107090909091,0.03366347855006833,2.850347,2.859149,2.885315
8192,2,delta::BE::NoTable,write,0.934854,6.78784390909091,0.1330694804179041,6.727971,6.757687,6.837756
8192,2,delta::LE::Table,write,0.934824,3.302829,0.0132752595153541,3.288976,3.308501,3.310086
8192,2,delta::LE::NoTable,write,0.934933,7.343222727272726,0.16183717149041552,7.222664,7.264335,7.360268
8192,2,delta_gamma::BE::Table,write,0.934777,2.5404049090909098,0.025244556084251368,2.520628,2.531101,2.561169
8192,2,delta_gamma::BE::NoTable,write,0.934806,4.754728090909092,0.027238440926215232,4.733872,4.752804,4.760334
8192,2,delta_gamma::LE::Table,write,0.934389,3.043235454545455,0.006825990922402962,3.03845,3.044983,3.046972
8192,2,delta_gamma::LE::NoTable,write,0.934741,5.353517363636363,0.013068999007366435,5.340655,5.360648,5.362142
16384,1,unary::BE::NoTable,write,1,2.2842700000000002,0.1035031888735802,2.195672,2.248636,2.334006
16384,1,unary::BE::Table,write,1,1.5224990909090907,0.006988463872047184,1.51959,1.521558,1.528138
16384,1,unary::LE::NoTable,write,1,2.4490682727272723,0.09774523211706124,2.377797,2.397984,2.438708
16384,1,unary::LE::Table,write,1,1.7879331818181818,0.01719411244477701,1.774715,1.777524,1.799416
16384,1,gamma::BE::NoTable,write,0.999963,5.272431727272727,0.12840773025491203,5.186427,5.224661,5.28015
16384,1,gamma::BE::Table,write,0.999954,1.6898126363636363,0.0912637405690483,1.616421,1.63621,1.694252
16384,1,gamma::LE::NoTable,write,0.999964,5.369601090909091,0.09161612446120446,5.283879,5.406245,5.433962
16384,1,gamma::LE::Table,write,0.999959,2.0071221818181817,0.011363657164999152,2.00246,2.003939,2.004745
16384,1,zeta3::BE::NoTable,write,0.871258,9.308216181818182,0.04025509076332637,9.256438,9.3174,9.336808
16384,1,zeta3::BE::Table,write,0.871488,4.062900454545455,0.0567229529297684,4.040601,4.05897,4.071166
16384,1,zeta3::LE::NoTable,write,0.871103,9.641465,0.04798576392014629,9.587728,9.657551,9.670321
16384,1,zeta3::LE::Table,write,0.870713,4.393551727272728,0.01608217731584184,4.378326,4.393595,4.400612
16384,1,delta::BE::Table,write,0.947459,2.788992636363637,0.013458039963328465,2.777196,2.790916,2.793055
16384,1,delta::BE::NoTable,write,0.947634,6.650403272727273,0.13076951223744085,6.536589,6.668197,6.694916
16384,1,delta::LE::Table,write,0.947911,3.204612,0.029306798010018096,3.180795,3.194721,3.212273
16384,1,delta::LE::NoTable,write,0.947555,7.416619727272727,0.1640581219276212,7.337448,7.436663,7.465175
16384,1,delta_gamma::BE::Table,write,0.947943,2.5895103636363634,0.04055215259951735,2.540866,2.597743,2.613884
16384,1,delta_gamma::BE::NoTable,write,0.947333,4.716663545454545,0.027734055373722935,4.692678,4.717044,4.743414
16384,1,delta_gamma::LE::Table,write,0.947521,3.0628955454545452,0.011893044449287443,3.057134,3.06058,3.062316
16384,1,delta_gamma::LE::NoTable,write,0.947708,5.435462090909092,0.016616142051960065,5.423054,5.435729,5.442506
16384,2,unary::BE::NoTable,write,1,2.433546909090909,0.10292113915756525,2.352521,2.405962,2.469801
16384,2,unary::BE::Table,write,1,1.528849181818182,0.027410509775698002,1.509878,1.515829,1.537428
16384,2,unary::LE::NoTable,write,1,2.5107201818181815,0.13590620224832867,2.393117,2.490412,2.531712
16384,2,unary::LE::Table,write,1,1.9057143636363636,0.00233517221089694,1.903656,1.906048,1.907277
16384,2,gamma::BE::NoTable,write,0.999962,5.119784454545454,0.09227121269319442,5.050166,5.117879,5.169371
16384,2,gamma::BE::Table,write,0.999965,1.6413369090909091,0.07643429199836227,1.597716,1.615757,1.62033
16384,2,gamma::LE::NoTable,write,0.999971,5.3812525454545455,0.10858768772504876,5.266817,5.375946,5.453601
16384,2,gamma::LE::Table,write,0.999969,2.0346293636363635,0.00448070660214945,2.031688,2.035963,2.037069
16384,2,zeta3::BE::NoTable,write,0.871538,9.202922818181818,0.04685399233324346,9.148956,9.197725,9.227018
16384,2,zeta3::BE::Table,write,0.870848,4.043057363636364,0.03457938810700015,4.007441,4.030167,4.07115
16384,2,zeta3::LE::NoTable,write,0.871477,9.657578727272726,0.05054139554086512,9.621928,9.65848,9.662731
16384,2,zeta3::LE::Table,write,0.871436,4.410108999999999,0.02439420569725516,4.386589,4.416065,4.423806
16384,2,delta::BE::Table,write,0.947592,2.795905545454546,0.043606500046125186,2.764911,2.77678,2.802173
16384,2,delta::BE::NoTable,write,0.947668,6.664519,0.10421671308192372,6.586503,6.67198,6.709461
16384,2,delta::LE::Table,write,0.94784,3.2159565454545453,0.01788278136288443,3.203705,3.208703,3.217824
16384,2,delta::LE::NoTable,write,0.947705,7.4626968181818185,0.16700007637831676,7.302977,7.413045,7.580642
16384,2,delta_gamma::BE::Table,write,0.94753,2.512144454545455,0.029858004164255828,2.506096,2.517969,2.522729
16384,2,delta_gamma::BE::NoTable,write,0.947386,4.754707818181818,0.022699948355968547,4.735406,4.754918,4.769175
16384,2,delta_gamma::LE::Table,write,0.947561,2.9776924545454544,0.01828008606305582,2.958794,2.978869,2.992311
16384,2,delta_gamma::LE::NoTable,write,0.94771,5.35005690909091,0.021050892843081738,5.336802,5.344097,5.360759
32768,1,unary::BE::NoTable,write,1,2.325431090909091,0.10765571919731395,2.198182,2.364789,2.36977
32768,1,unary::BE::Table,write,1,1.5180491818181816,0.004861051302304486,1.514872,1.518549,1.519815
32768,1,unary::LE::NoTable,write,1,2.3990209090909094,0.018769492499556572,2.387184,2.401927,2.4081
32768,1,unary::LE::Table,write,1,1.778340818181818,0.00765227249669251,1.773741,1.774789,1.777859
32768,1,gamma::BE::NoTable,write,0.999979,5.196195545454546,0.08334507213670593,5.120389,5.184741,5.263409
32768,1,gamma::BE::Table,write,0.999979,1.688238,0.054380562435487924,1.63791,1.679195,1.743498
32768,1,gamma::LE::NoTable,write,0.99998,5.266448454545455,0.05645010621135038,5.218754,5.273818,5.301365
32768,1,gamma::LE::Table,write,0.999978,2.0093305454545454,0.010183021028787457,2.004796,2.00617,2.008231
32768,1,zeta3::BE::NoTable,write,0.887601,9.299234,0.051010671244358256,9.245882,9.296116,9.324404
32768,1,zeta3::BE::Table,write,0.888127,3.9570844545454547,0.03984829888053849,3.920552,3.949431,3.965243
32768,1,zeta3::LE::NoTable,write,0.888055,9.660022727272727,0.036695719156574345,9.630263,9.664899,9.682755
32768,1,zeta3::LE::Table,write,0.888043,4.2800556363636355,0.013984416250045937,4.269471,4.278958,4.283589
32768,1,delta::BE::Table,write,0.959386,2.8022595454545454,0.025270884481409225,2.76981,2.800205,2.821857
32768,1,delta::BE::NoTable,write,0.958962,6.609183363636364,0.10540508862504955,6.509716,6.642993,6.691465
32768,1,delta::LE::Table,write,0.958971,3.1985473636363637,0.006663755656875961,3.193756,3.199702,3.200829
32768,1,delta::LE::NoTable,write,0.958611,7.498814636363637,0.2029860610471926,7.347922,7.473541,7.558825
32768,1,delta_gamma::BE::Table,write,0.95895,2.4417033636363636,0.014519291940537062,2.432547,2.440429,2.444798
32768,1,delta_gamma::BE::NoTable,write,0.958936,4.7830687272727275,0.02525057024738615,4.768463,4.78904,4.794631
32768,1,delta_gamma::LE::Table,write,0.959185,2.9679836363636363,0.015041446767334139,2.953436,2.971021,2.972737
32768,1,delta_gamma::LE::NoTable,write,0.958607,5.435816545454545,0.04219214943413917,5.398767,5.426852,5.469583
32768,2,unary::BE::NoTable,write,1,2.4090476363636366,0.057172628180402425,2.352624,2.411807,2.450454
32768,2,unary::BE::Table,write,1,1.5111531818181818,0.010302766743144136,1.500303,1.516187,1.517166
32768,2,unary::LE::NoTable,write,1,2.4344008181818184,0.07619352816718512,2.378486,2.400706,2.424512
32768,2,unary::LE::Table,write,1,1.9069962727272727,0.001738421012925766,1.905294,1.907481,1.908469
32768,2,gamma::BE::NoTable,write,0.999981,5.259231090909091,0.1336621031792142,5.132657,5.205841,5.384626
32768,2,gamma::BE::Table,write,0.999984,1.6992276363636363,0.060360439135700016,1.665035,1.670884,1.678802
32768,2,gamma::LE::NoTable,write,0.999987,5.316398,0.09263661283855315,5.220233,5.351304,5.371963
32768,2,gamma::LE::Table,write,0.999985,2.099595090909091,0.009731275203739244,2.092501,2.095648,2.100672
32768,2,zeta3::BE::NoTable,write,0.888124,9.351560818181818,0.0802160676034646,9.288651,9.36163,9.363301
32768,2,zeta3::BE::Table,write,0.887826,3.964439454545455,0.029692542613806702,3.929768,3.965845,3.984269
32768,2,zeta3::LE::NoTable,write,0.887645,9.704509363636364,0.07558518506860017,9.647764,9.715595,9.753294
32768,2,zeta3::LE::Table,write,0.887736,4.3187714545454545,0.01387700443441327,4.303167,4.321558,4.327351
32768,2,delta::BE::Table,write,0.958969,2.814433909090909,0.030411875553653503,2.787736,2.825192,2.832734
32768,2,delta::BE::NoTable,write,0.959251,6.588796181818181,0.08520165247554554,6.522824,6.601917,6.642149
32768,2,delta::LE::Table,write,0.959235,3.179741818181818,0.019709494741459957,3.165908,3.181016,3.189691
32768,2,delta::LE::NoTable,write,0.958942,7.560350545454546,0.19913954976968468,7.374381,7.560957,7.664205
32768,2,delta_gamma::BE::Table,write,0.958808,2.424297363636364,0.012350224745102684,2.415161,2.423342,2.425948
32768,2,delta_gamma::BE::NoTable,write,0.959134,4.8265236363636355,0.019717103617279616,4.812217,4.82855,4.831227
32768,2,delta_gamma::LE::Table,write,0.958715,2.954301,0.008908558648849993,2.949237,2.955071,2.958922
32768,2,delta_gamma::LE::NoTable,write,0.958652,5.327729818181818,0.02716577148846742,5.308483,5.317589,5.333166
65536,1,unary::BE::NoTable,write,1,2.2830139090909087,0.09628020321484014,2.196262,2.227337,2.354774
65536,1,unary::BE::Table,write,1,1.5345441818181822,0.02726110556385493,1.514887,1.521544,1.536647
65536,1,unary::LE::NoTable,write,1,2.440589181818182,0.06831626135528529,2.386275,2.403309,2.483831
65536,1,unary::LE::Table,write,1,1.7773694545454544,0.008229104366377133,1.773124,1.774379,1.775329
65536,1,gamma::BE::NoTable,write,0.999997,5.287022363636363,0.1267342455213054,5.2198,5.244038,5.303831
65536,1,gamma::BE::Table,write,0.999989,1.641722090909091,0.04038410347266497,1.622741,1.623449,1.626293
65536,1,gamma::LE::NoTable,write,0.999987,5.325211727272727,0.0899883678817333,5.25788,5.318067,5.336765
65536,1,gamma::LE::Table,write,0.999991,2.1178348181818185,0.0052402401818653415,2.113959,2.118036,2.121113
65536,1,zeta3::BE::NoTable,write,0.901869,9.284210909090909,0.04728947386143049,9.270495,9.288721,9.308932
65536,1,zeta3::BE::Table,write,0.902442,3.7868576363636364,0.02845532884108965,3.758567,3.782783,3.788197
65536,1,zeta3::LE::NoTable,write,0.902123,9.679784545454543,0.02803089872038942,9.651909,9.68415,9.690831
65536,1,zeta3::LE::Table,write,0.902384,4.125013818181818,0.02286045124147019,4.103756,4.116029,4.137737
65536,1,delta::BE::Table,write,0.969143,2.823129363636364,0.01353340991230762,2.812515,2.820552,2.824059
65536,1,delta::BE::NoTable,write,0.968813,6.637921272727273,0.11084288773222302,6.541896,6.660809,6.688675
65536,1,delta::LE::Table,write,0.969217,3.2147618181818185,0.015604953193253604,3.205571,3.211626,3.217102
65536,1,delta::LE::NoTable,write,0.968809,7.452175636363637,0.15658766669266952,7.342999,7.410448,7.47819
65536,1,delta_gamma::BE::Table,write,0.969132,2.423871818181818,0.008274384953797842,2.417465,2.421769,2.430148
65536,1,delta_gamma::BE::NoTable,write,0.969029,4.9249326363636365,0.017995935892710545,4.911309,4.917761,4.92735
65536,1,delta_gamma::LE::Table,write,0.969283,2.9876352727272724,0.014442187930441252,2.9752,2.995271,2.996296
65536,1,delta_gamma::LE::NoTable,write,0.969116,5.834581636363636,0.05682404798546618,5.790629,5.83248,5.849783
65536,2,unary::BE::NoTable,write,1,2.3944754545454545,0.08606971230504216,2.34075,2.350439,2.36854
65536,2,unary::BE::Table,write,1,1.5439696363636362,0.021241739548693895,1.530008,1.538266,1.552123
65536,2,unary::LE::NoTable,write,1,2.419094272727273,0.06040571764674421,2.385199,2.391689,2.404718
65536,2,unary::LE::Table,write,1,1.9074808181818184,0.003996610234140477,1.905519,1.906644,1.907634
65536,2,gamma::BE::NoTable,write,0.999991,5.337189818181818,0.1390648041956111,5.185558,5.334387,5.422247
65536,2,gamma::BE::Table,write,0.999994,1.5982156363636364,0.019644632092623807,1.589407,1.593389,1.595434
65536,2,gamma::LE::NoTable,write,0.99999,5.2710894545454545,0.060930146074605215,5.209174,5.285442,5.317478
65536,2,gamma::LE::Table,write,0.999993,2.0666673636363635,0.09698610147363668,1.997446,2.004559,2.072424
65536,2,zeta3::BE::NoTable,write,0.902058,9.191294636363637,0.08505944386165797,9.109751,9.191063,9.224632
65536,2,zeta3::BE::Table,write,0.902743,3.776103909090909,0.04245554080082968,3.746264,3.771946,3.798912
65536,2,zeta3::LE::NoTable,write,0.902517,9.620435,0.050470400826623116,9.577117,9.598864,9.655602
65536,2,zeta3::LE::Table,write,0.901919,4.143962454545455,0.014464699024616006,4.134846,4.139946,4.151628
65536,2,delta::BE::Table,write,0.969249,2.788493181818182,0.029819604738554856,2.773895,2.780131,2.786609
65536,2,delta::BE::NoTable,write,0.96907,6.580084818181819,0.12449958860319034,6.495378,6.565064,6.580809
65536,2,delta::LE::Table,write,0.968872,3.115699363636364,0.02131703729073408,3.098492,3.114184,3.116408
65536,2,delta::LE::NoTable,write,0.969423,7.185038727272728,0.07789024090486676,7.1276,7.160257,7.257889
65536,2,delta_gamma::BE::Table,write,0.969145,2.466302363636364,0.025443697527178375,2.443638,2.464635,2.468111
65536,2,delta_gamma::BE::NoTable,write,0.96902,4.562002363636363,0.012819405815190551,4.552596,4.560365,4.569643
65536,2,delta_gamma::LE::Table,write,0.969157,2.9566685454545456,0.011829382252371722,2.948072,2.953614,2.964557
65536,2,delta_gamma::LE::NoTable,write,0.969164,5.382758,0.02801451893929279,5.364369,5.389007,5.398877
131072,1,unary::BE::NoTable,write,1,2.3323561818181817,0.10705087068475266,2.266475,2.311552,2.368465
131072,1,unary::BE::Table,write,1,1.5242208181818182,0.008821177016908599,1.515543,1.522302,1.532994
131072,1,unary::LE::NoTable,write,1,2.4257331818181815,0.08442856798953566,2.378561,2.38903,2.418054
131072,1,unary::LE::Table,write,1,1.7789431818181818,0.011949426905238453,1.773768,1.774273,1.774578
131072,1,gamma::BE::NoTable,write,0.999991,5.249840181818182,0.14622452013107665,5.162623,5.188553,5.269584
131072,1,gamma::BE::Table,write,0.999998,1.7164547272727273,0.09506886304683666,1.629769,1.677363,1.751945
131072,1,gamma::LE::NoTable,write,0.999994,5.230326727272727,0.04351181825226545,5.191551,5.240967,5.24709
131072,1,gamma::LE::Table,write,0.999997,2.118536363636364,0.008546444807903774,2.111794,2.115238,2.122468
131072,1,zeta3::BE::NoTable,write,0.914933,9.296352818181818,0.04246849624561299,9.263952,9.282861,9.3104
131072,1,zeta3::BE::Table,write,0.915197,3.7659366363636364,0.015457164787067039,3.750365,3.763827,3.775982
131072,1,zeta3::LE::NoTable,write,0.915313,9.710501363636363,0.08336222911399707,9.624554,9.700637,9.743836
131072,1,zeta3::LE::Table,write,0.915195,4.1490943636363635,0.04961276620240551,4.112886,4.138785,4.153851
131072,1,delta::BE::Table,write,0.978146,2.8380869090909093,0.009225740571407222,2.833486,2.835308,2.845636
131072,1,delta::BE::NoTable,write,0.978254,6.6398885454545455,0.06422813021934176,6.607784,6.628884,6.663732
131072,1,delta::LE::Table,write,0.978342,3.2460347272727277,0.007072250237242811,3.23943,3.247949,3.250464
131072,1,delta::LE::NoTable,write,0.978272,7.473619818181819,0.14163064279372467,7.362427,7.475159,7.500366
131072,1,delta_gamma::BE::Table,write,0.978306,2.4734305454545455,0.042501939820115645,2.438614,2.465681,2.475311
131072,1,delta_gamma::BE::NoTable,write,0.978121,4.907960545454545,0.03578771227212938,4.883564,4.900019,4.91208
131072,1,delta_gamma::LE::Table,write,0.978187,3.038200363636364,0.02188297860563197,3.024731,3.034287,3.038036
131072,1,delta_gamma::LE::NoTable,write,0.978149,5.885677727272728,0.08838238318928827,5.813706,5.903965,5.931047
131072,2,unary::BE::NoTable,write,1,2.3750752727272726,0.03950927070218058,2.342447,2.355469,2.407094
131072,2,unary::BE::Table,write,1,1.5253199090909089,0.023316421151002305,1.507928,1.51666,1.531965
131072,2,unary::LE::NoTable,write,1,2.4299793636363636,0.05104199534554411,2.393763,2.409537,2.457766
131072,2,unary::LE::Table,write,1,1.9171803636363636,0.008139613077692667,1.909308,1.916513,1.917801
131072,2,gamma::BE::NoTable,write,0.999997,5.307947363636363,0.05502800843074866,5.251766,5.312609,5.329843
131072,2,gamma::BE::Table,write,0.999993,1.6225544545454547,0.06616795752532131,1.591024,1.591666,1.592509
131072,2,gamma::LE::NoTable,write,0.999992,5.279687727272727,0.0621039397866044,5.237292,5.272559,5.285588
131072,2,gamma::LE::Table,write,0.999997,2.0622353636363635,0.09413920829842658,1.998901,2.002034,2.066027
131072,2,zeta3::BE::NoTable,write,0.915177,9.18834063636364,0.05706683021558638,9.142511,9.198362,9.219109
131072,2,zeta3::BE::Table,write,0.914989,3.7873746363636362,0.028915996743230997,3.758107,3.805572,3.806602
131072,2,zeta3::LE::NoTable,write,0.915024,9.579876909090908,0.061362446281833516,9.529823,9.596259,9.625082
131072,2,zeta3::LE::Table,write,0.91532,4.152202363636364,0.012928714555381929,4.137766,4.155157,4.156076
131072,2,delta::BE::Table,write,0.978169,2.7911865454545453,0.01525899484477034,2.774508,2.791351,2.801782
131072,2,delta::BE::NoTable,write,0.978281,6.63518290909091,0.10702566734335696,6.55548,6.607242,6.702238
131072,2,delta::LE::Table,write,0.977968,3.156960363636364,0.04195466944041571,3.120102,3.142656,3.175649
131072,2,delta::LE::NoTable,write,0.978284,7.170696636363636,0.11195117714546171,7.089744,7.119173,7.22738
131072,2,delta_gamma::BE::Table,write,0.978392,2.4851204545454544,0.02309506497658603,2.46717,2.478945,2.491802
131072,2,delta_gamma::BE::NoTable,write,0.977815,4.559036636363636,0.016541272673363062,4.544761,4.562177,4.56338
131072,2,delta_gamma::LE::Table,write,0.978047,2.987718272727273,0.01492015697699531,2.975659,2.991469,2.99873
131072,2,delta_gamma::LE::NoTable,write,0.978108,5.358827818181817,0.03174611232834069,5.337345,5.345064,5.374896
